city_id,invader_id,media_id,timestamp_utc
AIX,AIX_01,3646933926967012921,2025-06-03T16:33:49.158419
AIX,AIX_02,3646933926967012921,2025-06-03T16:33:49.158419
AMS,AMS_01,3646933926967012921,2025-06-03T16:33:49.158419
AMS,AMS_02,3646933926967012921,2025-06-03T16:33:49.158443
AMS,AMS_03,3646933926967012921,2025-06-03T16:33:49.158449
AMS,AMS_04,3646933926967012921,2025-06-03T16:33:49.158455
AMS,AMS_05,3646933926967012921,2025-06-03T16:33:49.158460
AMS,AMS_06,3646933926967012921,2025-06-03T16:33:49.158465
AMS,AMS_07,3646933926967012921,2025-06-03T16:33:49.158470
AMS,AMS_08,3646933926967012921,2025-06-03T16:33:49.158475
AMS,AMS_09,3646933926967012921,2025-06-03T16:33:49.158480
AMS,AMS_10,3646933926967012921,2025-06-03T16:33:49.158485
AMS,AMS_11,3646933926967012921,2025-06-03T16:33:49.158490
AMS,AMS_12,3646933926967012921,2025-06-03T16:33:49.158495
AMS,AMS_13,3646933926967012921,2025-06-03T16:33:49.158500
AMS,AMS_14,3646933926967012921,2025-06-03T16:33:49.158505
AMS,AMS_15,3646933926967012921,2025-06-03T16:33:49.158509
AMS,AMS_16,3646933926967012921,2025-06-03T16:33:49.158514
AMS,AMS_17,3646933926967012921,2025-06-03T16:33:49.158519
AMS,AMS_18,3646933926967012921,2025-06-03T16:33:49.158524
AMS,AMS_19,3646933926967012921,2025-06-03T16:33:49.158529
AMS,AMS_20,3646933926967012921,2025-06-03T16:33:49.158534
AMS,AMS_21,3646933926967012921,2025-06-03T16:33:49.158538
AMS,AMS_01,3646936108634454851,2025-06-03T16:38:09.124453
AMS,AMS_02,3646936108634454851,2025-06-03T16:38:09.124890
AMS,AMS_03,3646936108634454851,2025-06-03T16:38:09.124896
AMS,AMS_04,3646936108634454851,2025-06-03T16:38:09.124900
AMS,AMS_05,3646936108634454851,2025-06-03T16:38:09.124903
AMS,AMS_06,3646936108634454851,2025-06-03T16:38:09.124906
AMS,AMS_07,3646936108634454851,2025-06-03T16:38:09.124909
AMS,AMS_08,3646936108634454851,2025-06-03T16:38:09.124912
AMS,AMS_09,3646936108634454851,2025-06-03T16:38:09.124915
AMS,AMS_10,3646936108634454851,2025-06-03T16:38:09.124918
AMS,AMS_11,3646936108634454851,2025-06-03T16:38:09.124921
AMS,AMS_12,3646936108634454851,2025-06-03T16:38:09.124923
AMS,AMS_13,3646936108634454851,2025-06-03T16:38:09.124926
AMS,AMS_14,3646936108634454851,2025-06-03T16:38:09.124929
AMS,AMS_15,3646936108634454851,2025-06-03T16:38:09.124932
AMS,AMS_16,3646936108634454851,2025-06-03T16:38:09.124935
AMS,AMS_17,3646936108634454851,2025-06-03T16:38:09.124938
AMS,AMS_18,3646936108634454851,2025-06-03T16:38:09.124940
AMS,AMS_19,3646936108634454851,2025-06-03T16:38:09.124943
AMS,AMS_20,3646936108634454851,2025-06-03T16:38:09.124946
AMS,AMS_21,3646936108634454851,2025-06-03T16:38:09.124949
AMS,AMS_22,3646990072373618880,2025-06-03T18:25:22.088111
AMS,AMS_23,3646990072373618880,2025-06-03T18:25:22.088126
AMS,AMS_24,3646990072373618880,2025-06-03T18:25:22.088132
AMS,AMS_25,3646990072373618880,2025-06-03T18:25:22.088138
AMS,AMS_26,3646990072373618880,2025-06-03T18:25:22.088143
AIX,AIX_03,3647008907725898649,2025-06-03T19:02:47.207607
AIX,AIX_04,3647008907725898649,2025-06-03T19:02:47.207651
AIX,AIX_05,3647008907725898649,2025-06-03T19:02:47.207661
AIX,AIX_06,3647008907725898649,2025-06-03T19:02:47.207669
AIX,AIX_07,3647008907725898649,2025-06-03T19:02:47.207676
AIX,AIX_08,3647008907725898649,2025-06-03T19:02:47.207684
AIX,AIX_09,3647008907725898649,2025-06-03T19:02:47.207691
AIX,AIX_10,3647008907725898649,2025-06-03T19:02:47.207698
ANVR,ANVR_01,3647040536586731503,2025-06-03T20:05:37.895922
ANVR,ANVR_02,3647040536586731503,2025-06-03T20:05:37.895996
ANZR,ANZR_01,3647091907491232480,2025-06-03T21:47:41.696597
ANZR,ANZR_02,3647091907491232480,2025-06-03T21:47:41.696644
ANZR,ANZR_03,3647091907491232480,2025-06-03T21:47:41.696657
ANZR,ANZR_04,3647091907491232480,2025-06-03T21:47:41.696668
AVI,AVI_01,3647117262058790151,2025-06-03T22:38:04.615856
AVI,AVI_02,3647117262058790151,2025-06-03T22:38:04.615889
AVI,AVI_03,3647117262058790151,2025-06-03T22:38:04.615905
AVI,AVI_04,3647117262058790151,2025-06-03T22:38:04.615919
AVI,AVI_05,3647117262058790151,2025-06-03T22:38:04.615933
AVI,AVI_06,3647117262058790151,2025-06-03T22:38:04.615946
AVI,AVI_07,3647117262058790151,2025-06-03T22:38:04.615959
AVI,AVI_08,3647117262058790151,2025-06-03T22:38:04.615972
AVI,AVI_09,3647117262058790151,2025-06-03T22:38:04.615985
AVI,AVI_10,3647117262058790151,2025-06-03T22:38:04.615998
AVI,AVI_11,3647117262058790151,2025-06-03T22:38:04.616011
AVI,AVI_12,3647117262058790151,2025-06-03T22:38:04.616024
AVI,AVI_13,3647117262058790151,2025-06-03T22:38:04.616036
AVI,AVI_14,3647117262058790151,2025-06-03T22:38:04.616048
AVI,AVI_15,3647117262058790151,2025-06-03T22:38:04.616060
AVI,AVI_16,3647117262058790151,2025-06-03T22:38:04.616072
AVI,AVI_17,3647117262058790151,2025-06-03T22:38:04.616084
AVI,AVI_18,3647117262058790151,2025-06-03T22:38:04.616096
AVI,AVI_19,3647117262058790151,2025-06-03T22:38:04.616107
AVI,AVI_20,3647117262058790151,2025-06-03T22:38:04.616119
AVI,AVI_21,3647117262058790151,2025-06-03T22:38:04.616130
AVI,AVI_22,3647150742644691451,2025-06-03T23:44:37.397339
AVI,AVI_23,3647150742644691451,2025-06-03T23:44:37.397398
AVI,AVI_24,3647150742644691451,2025-06-03T23:44:37.397417
AVI,AVI_25,3647150742644691451,2025-06-03T23:44:37.397435
AVI,AVI_26,3647150742644691451,2025-06-03T23:44:37.397451
AVI,AVI_27,3647150742644691451,2025-06-03T23:44:37.397466
AVI,AVI_28,3647150742644691451,2025-06-03T23:44:37.397482
AVI,AVI_29,3647150742644691451,2025-06-03T23:44:37.397497
AVI,AVI_30,3647150742644691451,2025-06-03T23:44:37.397513
AVI,AVI_31,3647150742644691451,2025-06-03T23:44:37.397529
AVI,AVI_32,3647150742644691451,2025-06-03T23:44:37.397544
AVI,AVI_33,3647150742644691451,2025-06-03T23:44:37.397559
AVI,AVI_34,3647150742644691451,2025-06-03T23:44:37.397574
AVI,AVI_35,3647150742644691451,2025-06-03T23:44:37.397590
AVI,AVI_36,3647150742644691451,2025-06-03T23:44:37.397610
AVI,AVI_37,3647150742644691451,2025-06-03T23:44:37.397625
AVI,AVI_38,3647150742644691451,2025-06-03T23:44:37.397640
AVI,AVI_39,3647150742644691451,2025-06-03T23:44:37.397656
AVI,AVI_40,3647150742644691451,2025-06-03T23:44:37.397671
AVI,AVI_41,3647150742644691451,2025-06-03T23:44:37.397686
BAB,BAB_01,3647184989279411122,2025-06-04T00:52:39.740329
BAB,BAB_02,3647184989279411122,2025-06-04T00:52:39.740383
BAB,BAB_03,3647184989279411122,2025-06-04T00:52:39.740402
BAB,BAB_04,3647184989279411122,2025-06-04T00:52:39.740420
BAB,BAB_05,3647184989279411122,2025-06-04T00:52:39.740436
BAB,BAB_06,3647184989279411122,2025-06-04T00:52:39.740452
BAB,BAB_07,3647184989279411122,2025-06-04T00:52:39.740468
BAB,BAB_08,3647184989279411122,2025-06-04T00:52:39.740484
BAB,BAB_09,3647184989279411122,2025-06-04T00:52:39.740499
BAB,BAB_10,3647184989279411122,2025-06-04T00:52:39.740515
BAB,BAB_11,3647184989279411122,2025-06-04T00:52:39.740531
BAB,BAB_12,3647184989279411122,2025-06-04T00:52:39.740546
BAB,BAB_13,3647184989279411122,2025-06-04T00:52:39.740562
BAB,BAB_14,3647184989279411122,2025-06-04T00:52:39.740578
BAB,BAB_15,3647184989279411122,2025-06-04T00:52:39.740593
BAB,BAB_16,3647184989279411122,2025-06-04T00:52:39.740609
BAB,BAB_17,3647184989279411122,2025-06-04T00:52:39.740625
BAB,BAB_18,3647184989279411122,2025-06-04T00:52:39.740640
BAB,BAB_19,3647184989279411122,2025-06-04T00:52:39.740656
BAB,BAB_20,3647184989279411122,2025-06-04T00:52:39.740672
BAB,BAB_21,3647184989279411122,2025-06-04T00:52:39.740687
BAB,BAB_22,3647226718510398210,2025-06-04T02:15:35.171223
BAB,BAB_23,3647226718510398210,2025-06-04T02:15:35.171577
BAB,BAB_24,3647226718510398210,2025-06-04T02:15:35.171597
BAB,BAB_25,3647226718510398210,2025-06-04T02:15:35.171614
BAB,BAB_26,3647226718510398210,2025-06-04T02:15:35.171630
BAB,BAB_27,3647226718510398210,2025-06-04T02:15:35.171646
BAB,BAB_28,3647226718510398210,2025-06-04T02:15:35.171662
BAB,BAB_29,3647226718510398210,2025-06-04T02:15:35.171677
BAB,BAB_30,3647226718510398210,2025-06-04T02:15:35.171693
BAB,BAB_31,3647226718510398210,2025-06-04T02:15:35.171709
BAB,BAB_32,3647226718510398210,2025-06-04T02:15:35.171724
BAB,BAB_33,3647226718510398210,2025-06-04T02:15:35.171740
BAB,BAB_34,3647226718510398210,2025-06-04T02:15:35.171755
BAB,BAB_35,3647226718510398210,2025-06-04T02:15:35.171770
BAB,BAB_36,3647226718510398210,2025-06-04T02:15:35.171786
BAB,BAB_37,3647226718510398210,2025-06-04T02:15:35.171801
BAB,BAB_38,3647226718510398210,2025-06-04T02:15:35.171816
BAB,BAB_39,3647226718510398210,2025-06-04T02:15:35.171833
BAB,BAB_40,3647226718510398210,2025-06-04T02:15:35.171848
BAB,BAB_41,3647226718510398210,2025-06-04T02:15:35.171864
BAB,BAB_42,3647226718510398210,2025-06-04T02:15:35.171879
BAB,BAB_43,3647267293049677702,2025-06-04T03:36:11.395518
BAB,BAB_44,3647267293049677702,2025-06-04T03:36:11.395577
BAB,BAB_45,3647267293049677702,2025-06-04T03:36:11.395596
BAB,BAB_46,3647267293049677702,2025-06-04T03:36:11.395614
BAB,BAB_47,3647267293049677702,2025-06-04T03:36:11.395631
BAB,BAB_48,3647267293049677702,2025-06-04T03:36:11.395648
BAB,BAB_49,3647267293049677702,2025-06-04T03:36:11.395674
BAB,BAB_50,3647267293049677702,2025-06-04T03:36:11.395708
BAB,BAB_51,3647267293049677702,2025-06-04T03:36:11.395725
BAB,BAB_52,3647267293049677702,2025-06-04T03:36:11.395769
BAB,BAB_53,3647267293049677702,2025-06-04T03:36:11.395795
BAB,BAB_54,3647267293049677702,2025-06-04T03:36:11.395818
BAB,BAB_55,3647267293049677702,2025-06-04T03:36:11.395834
BAB,BAB_56,3647267293049677702,2025-06-04T03:36:11.395874
BAB,BAB_57,3647267293049677702,2025-06-04T03:36:11.395907
BAB,BAB_58,3647267293049677702,2025-06-04T03:36:11.395951
BAB,BAB_59,3647267293049677702,2025-06-04T03:36:11.395976
BAB,BAB_60,3647267293049677702,2025-06-04T03:36:11.396015
BBO,BBO_01,3647285984404720036,2025-06-04T04:13:17.781828
BBO,BBO_02,3647285984404720036,2025-06-04T04:13:17.781883
BBO,BBO_03,3647285984404720036,2025-06-04T04:13:17.781902
BBO,BBO_04,3647285984404720036,2025-06-04T04:13:17.781919
BBO,BBO_05,3647285984404720036,2025-06-04T04:13:17.781936
BBO,BBO_06,3647285984404720036,2025-06-04T04:13:17.781953
BBO,BBO_07,3647285984404720036,2025-06-04T04:13:17.781969
BBO,BBO_08,3647285984404720036,2025-06-04T04:13:17.781986
BBO,BBO_09,3647285984404720036,2025-06-04T04:13:17.782002
BBO,BBO_10,3647285984404720036,2025-06-04T04:13:17.782019
BBO,BBO_11,3647285984404720036,2025-06-04T04:13:17.782042
BBO,BBO_12,3647285984404720036,2025-06-04T04:13:17.782058
BBO,BBO_13,3647285984404720036,2025-06-04T04:13:17.782074
BBO,BBO_14,3647285984404720036,2025-06-04T04:13:17.782090
BBO,BBO_15,3647285984404720036,2025-06-04T04:13:17.782105
BBO,BBO_16,3647285984404720036,2025-06-04T04:13:17.782122
BBO,BBO_17,3647285984404720036,2025-06-04T04:13:17.782139
BBO,BBO_18,3647285984404720036,2025-06-04T04:13:17.782156
BBO,BBO_19,3647285984404720036,2025-06-04T04:13:17.782172
BBO,BBO_20,3647285984404720036,2025-06-04T04:13:17.782187
BBO,BBO_21,3647285984404720036,2025-06-04T04:13:17.782203
BBO,BBO_22,3647368862409104368,2025-06-04T06:57:57.642836
BBO,BBO_23,3647368862409104368,2025-06-04T06:57:57.642928
BBO,BBO_24,3647368862409104368,2025-06-04T06:57:57.642944
BBO,BBO_25,3647368862409104368,2025-06-04T06:57:57.642958
BBO,BBO_26,3647368862409104368,2025-06-04T06:57:57.642971
BBO,BBO_27,3647368862409104368,2025-06-04T06:57:57.642983
BBO,BBO_28,3647368862409104368,2025-06-04T06:57:57.642995
BBO,BBO_29,3647368862409104368,2025-06-04T06:57:57.643007
BBO,BBO_30,3647368862409104368,2025-06-04T06:57:57.643019
BBO,BBO_31,3647368862409104368,2025-06-04T06:57:57.643031
BBO,BBO_32,3647368862409104368,2025-06-04T06:57:57.643051
BBO,BBO_33,3647368862409104368,2025-06-04T06:57:57.643074
BBO,BBO_34,3647368862409104368,2025-06-04T06:57:57.643095
BBO,BBO_35,3647368862409104368,2025-06-04T06:57:57.643107
BBO,BBO_36,3647368862409104368,2025-06-04T06:57:57.643119
BBO,BBO_37,3647368862409104368,2025-06-04T06:57:57.643130
BBO,BBO_38,3647368862409104368,2025-06-04T06:57:57.643142
BBO,BBO_39,3647368862409104368,2025-06-04T06:57:57.643154
BBO,BBO_40,3647368862409104368,2025-06-04T06:57:57.643166
BGK,BGK_01,3647395238222744719,2025-06-04T07:50:21.104972
BGK,BGK_02,3647395238222744719,2025-06-04T07:50:21.105042
BGK,BGK_03,3647395238222744719,2025-06-04T07:50:21.105062
BGK,BGK_04,3647395238222744719,2025-06-04T07:50:21.105081
BGK,BGK_05,3647395238222744719,2025-06-04T07:50:21.105097
BGK,BGK_07,3647395238222744719,2025-06-04T07:50:21.105113
BGK,BGK_09,3647395238222744719,2025-06-04T07:50:21.105129
BGK,BGK_10,3647395238222744719,2025-06-04T07:50:21.105145
BGK,BGK_11,3647395238222744719,2025-06-04T07:50:21.105161
BGK,BGK_14,3647395238222744719,2025-06-04T07:50:21.105178
BGK,BGK_15,3647395238222744719,2025-06-04T07:50:21.105194
BGK,BGK_16,3647395238222744719,2025-06-04T07:50:21.105210
BGK,BGK_17,3647395238222744719,2025-06-04T07:50:21.105226
BGK,BGK_18,3647395238222744719,2025-06-04T07:50:21.105242
BGK,BGK_19,3647395238222744719,2025-06-04T07:50:21.105258
BGK,BGK_20,3647395238222744719,2025-06-04T07:50:21.105274
BGK,BGK_21,3647395238222744719,2025-06-04T07:50:21.105290
BGK,BGK_24,3647395238222744719,2025-06-04T07:50:21.105306
BGK,BGK_25,3647395238222744719,2025-06-04T07:50:21.105321
BGK,BGK_26,3647395238222744719,2025-06-04T07:50:21.105336
BGK,BGK_27,3647395238222744719,2025-06-04T07:50:21.105351
BGK,BGK_28,3647418193874772986,2025-06-04T08:35:57.111532
BGK,BGK_29,3647418193874772986,2025-06-04T08:35:57.111866
BGK,BGK_30,3647418193874772986,2025-06-04T08:35:57.111887
BGK,BGK_31,3647418193874772986,2025-06-04T08:35:57.111906
BGK,BGK_32,3647418193874772986,2025-06-04T08:35:57.111923
BGK,BGK_33,3647418193874772986,2025-06-04T08:35:57.111940
BGK,BGK_34,3647418193874772986,2025-06-04T08:35:57.111957
BGK,BGK_35,3647418193874772986,2025-06-04T08:35:57.111973
BGK,BGK_36,3647418193874772986,2025-06-04T08:35:57.111990
BGK,BGK_37,3647418193874772986,2025-06-04T08:35:57.112006
BGK,BGK_38,3647418193874772986,2025-06-04T08:35:57.112023
BGK,BGK_39,3647418193874772986,2025-06-04T08:35:57.112039
BGK,BGK_40,3647418193874772986,2025-06-04T08:35:57.112064
BGK,BGK_41,3647418193874772986,2025-06-04T08:35:57.112080
BGK,BGK_42,3647418193874772986,2025-06-04T08:35:57.112096
BGK,BGK_43,3647418193874772986,2025-06-04T08:35:57.112113
BGK,BGK_44,3647418193874772986,2025-06-04T08:35:57.112128
BGK,BGK_45,3647418193874772986,2025-06-04T08:35:57.112162
BGK,BGK_47,3647418193874772986,2025-06-04T08:35:57.112200
BGK,BGK_48,3647418193874772986,2025-06-04T08:35:57.112216
BGK,BGK_49,3647418193874772986,2025-06-04T08:35:57.112247
BGK,BGK_50,3647475530069296064,2025-06-04T10:29:53.433025
BGK,BGK_51,3647475530069296064,2025-06-04T10:29:53.433546
BGK,BGK_06,3647475530069296064,2025-06-04T10:29:53.433572
BGK,BGK_08,3647475530069296064,2025-06-04T10:29:53.433591
BGK,BGK_12,3647475530069296064,2025-06-04T10:29:53.433609
BGK,BGK_13,3647475530069296064,2025-06-04T10:29:53.433626
BGK,BGK_22,3647475530069296064,2025-06-04T10:29:53.433651
BGK,BGK_23,3647475530069296064,2025-06-04T10:29:53.433668
BGK,BGK_46,3647475530069296064,2025-06-04T10:29:53.433685
BRC,BRC_01,3647499725062823736,2025-06-04T11:17:58.417493
BRC,BRC_02,3647499725062823736,2025-06-04T11:17:58.417572
BRC,BRC_03,3647499725062823736,2025-06-04T11:17:58.417585
BRC,BRC_04,3647499725062823736,2025-06-04T11:17:58.417596
BRC,BRC_05,3647499725062823736,2025-06-04T11:17:58.417606
BRC,BRC_06,3647499725062823736,2025-06-04T11:17:58.417616
BRC,BRC_07,3647499725062823736,2025-06-04T11:17:58.417626
BRC,BRC_08,3647499725062823736,2025-06-04T11:17:58.417636
BRC,BRC_09,3647499725062823736,2025-06-04T11:17:58.417646
BRC,BRC_10,3647499725062823736,2025-06-04T11:17:58.417656
BRC,BRC_11,3647499725062823736,2025-06-04T11:17:58.417666
BRC,BRC_12,3647499725062823736,2025-06-04T11:17:58.417675
BRC,BRC_13,3647499725062823736,2025-06-04T11:17:58.417686
BRC,BRC_14,3647499725062823736,2025-06-04T11:17:58.417696
BRC,BRC_15,3647499725062823736,2025-06-04T11:17:58.417705
BRC,BRC_16,3647499725062823736,2025-06-04T11:17:58.417715
BRC,BRC_17,3647499725062823736,2025-06-04T11:17:58.417725
BRL,BRL_01,3647556993510842777,2025-06-04T13:11:44.625641
BRL,BRL_02,3647556993510842777,2025-06-04T13:11:44.625709
BRL,BRL_03,3647556993510842777,2025-06-04T13:11:44.625722
BRL,BRL_04,3647556993510842777,2025-06-04T13:11:44.625734
BRL,BRL_05,3647556993510842777,2025-06-04T13:11:44.625758
BRL,BRL_06,3647556993510842777,2025-06-04T13:11:44.625781
BRL,BRL_07,3647556993510842777,2025-06-04T13:11:44.625804
BRL,BRL_09,3647556993510842777,2025-06-04T13:11:44.625814
BRL,BRL_10,3647556993510842777,2025-06-04T13:11:44.625825
BRL,BRL_11,3647556993510842777,2025-06-04T13:11:44.625836
BRL,BRL_12,3647556993510842777,2025-06-04T13:11:44.625859
BRL,BRL_08,3647556993510842777,2025-06-04T13:11:44.625883
BRN,BRN_01,3647574469732794304,2025-06-04T13:46:28.009394
BRN,BRN_02,3647574469732794304,2025-06-04T13:46:28.009459
BRN,BRN_03,3647574469732794304,2025-06-04T13:46:28.009475
BRN,BRN_04,3647574469732794304,2025-06-04T13:46:28.009488
BRN,BRN_05,3647574469732794304,2025-06-04T13:46:28.009502
BRN,BRN_06,3647574469732794304,2025-06-04T13:46:28.009515
BRN,BRN_07,3647574469732794304,2025-06-04T13:46:28.009528
BRN,BRN_08,3647574469732794304,2025-06-04T13:46:28.009540
BRN,BRN_09,3647574469732794304,2025-06-04T13:46:28.009553
BRN,BRN_10,3647574469732794304,2025-06-04T13:46:28.009565
BRN,BRN_11,3647574469732794304,2025-06-04T13:46:28.009577
BRN,BRN_12,3647574469732794304,2025-06-04T13:46:28.009588
BRN,BRN_13,3647574469732794304,2025-06-04T13:46:28.009601
BRN,BRN_14,3647574469732794304,2025-06-04T13:46:28.009614
BRN,BRN_15,3647574469732794304,2025-06-04T13:46:28.009625
BRN,BRN_16,3647574469732794304,2025-06-04T13:46:28.009637
BRN,BRN_17,3647574469732794304,2025-06-04T13:46:28.009648
BRN,BRN_18,3647574469732794304,2025-06-04T13:46:28.009660
BRN,BRN_19,3647574469732794304,2025-06-04T13:46:28.009672
BRN,BRN_20,3647574469732794304,2025-06-04T13:46:28.009683
BRN,BRN_21,3647574469732794304,2025-06-04T13:46:28.009696
BRN,BRN_22,3647615506475995002,2025-06-04T15:08:03.227538
BRN,BRN_23,3647615506475995002,2025-06-04T15:08:03.227614
BRN,BRN_24,3647615506475995002,2025-06-04T15:08:03.227627
BRN,BRN_25,3647615506475995002,2025-06-04T15:08:03.227639
BRN,BRN_26,3647615506475995002,2025-06-04T15:08:03.227651
BRN,BRN_27,3647615506475995002,2025-06-04T15:08:03.227662
BRN,BRN_28,3647615506475995002,2025-06-04T15:08:03.227672
BRN,BRN_29,3647615506475995002,2025-06-04T15:08:03.227684
BSL,BSL_01,3647668960993046691,2025-06-04T16:54:12.532714
BSL,BSL_02,3647668960993046691,2025-06-04T16:54:12.532886
BSL,BSL_03,3647668960993046691,2025-06-04T16:54:12.532901
BSL,BSL_04,3647668960993046691,2025-06-04T16:54:12.532914
BSL,BSL_05,3647668960993046691,2025-06-04T16:54:12.532925
BSL,BSL_06,3647668960993046691,2025-06-04T16:54:12.532936
BSL,BSL_07,3647668960993046691,2025-06-04T16:54:12.532946
BSL,BSL_08,3647668960993046691,2025-06-04T16:54:12.532957
BSL,BSL_09,3647668960993046691,2025-06-04T16:54:12.532967
BSL,BSL_10,3647668960993046691,2025-06-04T16:54:12.532977
BSL,BSL_11,3647668960993046691,2025-06-04T16:54:12.532987
BSL,BSL_12,3647668960993046691,2025-06-04T16:54:12.532998
BSL,BSL_13,3647668960993046691,2025-06-04T16:54:12.533019
BSL,BSL_14,3647668960993046691,2025-06-04T16:54:12.533030
BSL,BSL_15,3647668960993046691,2025-06-04T16:54:12.533040
BSL,BSL_16,3647668960993046691,2025-06-04T16:54:12.533067
BSL,BSL_17,3647668960993046691,2025-06-04T16:54:12.533078
BSL,BSL_18,3647668960993046691,2025-06-04T16:54:12.533088
BSL,BSL_19,3647668960993046691,2025-06-04T16:54:12.533115
BSL,BSL_20,3647668960993046691,2025-06-04T16:54:12.533127
BSL,BSL_21,3647668960993046691,2025-06-04T16:54:12.533137
BSL,BSL_22,3647694213555185481,2025-06-04T17:44:22.065170
BSL,BSL_23,3647694213555185481,2025-06-04T17:44:22.065853
BSL,BSL_24,3647694213555185481,2025-06-04T17:44:22.065874
BSL,BSL_25,3647694213555185481,2025-06-04T17:44:22.065886
BTA,BTA_01,3647734779395327158,2025-06-04T19:04:59.115259
BTA,BTA_02,3647734779395327158,2025-06-04T19:04:59.115342
BTA,BTA_03,3647734779395327158,2025-06-04T19:04:59.115364
BTA,BTA_04,3647734779395327158,2025-06-04T19:04:59.115379
BTA,BTA_05,3647734779395327158,2025-06-04T19:04:59.115392
BTA,BTA_06,3647734779395327158,2025-06-04T19:04:59.115405
BTA,BTA_07,3647734779395327158,2025-06-04T19:04:59.115417
BTA,BTA_08,3647734779395327158,2025-06-04T19:04:59.115429
BTA,BTA_09,3647734779395327158,2025-06-04T19:04:59.115441
BTA,BTA_10,3647734779395327158,2025-06-04T19:04:59.115454
BTA,BTA_11,3647734779395327158,2025-06-04T19:04:59.115466
BTA,BTA_12,3647734779395327158,2025-06-04T19:04:59.115478
BTA,BTA_13,3647734779395327158,2025-06-04T19:04:59.115490
BTA,BTA_14,3647734779395327158,2025-06-04T19:04:59.115502
BTA,BTA_15,3647734779395327158,2025-06-04T19:04:59.115515
BTA,BTA_16,3647734779395327158,2025-06-04T19:04:59.115527
BTA,BTA_17,3647734779395327158,2025-06-04T19:04:59.115539
BTA,BTA_18,3647734779395327158,2025-06-04T19:04:59.115551
BTA,BTA_19,3647734779395327158,2025-06-04T19:04:59.115563
BTA,BTA_20,3647734779395327158,2025-06-04T19:04:59.115585
BTA,BTA_21,3647734779395327158,2025-06-04T19:04:59.115598
BTA,BTA_22,3648054235447648418,2025-06-05T05:39:41.822815
BTA,BTA_23,3648054235447648418,2025-06-05T05:39:41.822876
BTA,BTA_24,3648054235447648418,2025-06-05T05:39:41.822901
BTA,BTA_25,3648054235447648418,2025-06-05T05:39:41.822913
BTA,BTA_26,3648054235447648418,2025-06-05T05:39:41.822924
BTA,BTA_27,3648054235447648418,2025-06-05T05:39:41.822935
BTA,BTA_28,3648054235447648418,2025-06-05T05:39:41.822945
BTA,BTA_29,3648054235447648418,2025-06-05T05:39:41.822955
BTA,BTA_30,3648054235447648418,2025-06-05T05:39:41.822965
BTA,BTA_31,3648054235447648418,2025-06-05T05:39:41.822975
BTA,BTA_32,3648054235447648418,2025-06-05T05:39:41.822985
BTA,BTA_33,3648054235447648418,2025-06-05T05:39:41.822995
BTA,BTA_34,3648054235447648418,2025-06-05T05:39:41.823005
BXL,BXL_01,3648071076207309290,2025-06-05T06:13:07.582613
BXL,BXL_02,3648071076207309290,2025-06-05T06:13:07.582664
BXL,BXL_03,3648071076207309290,2025-06-05T06:13:07.582677
BXL,BXL_04,3648071076207309290,2025-06-05T06:13:07.582698
BXL,BXL_05,3648071076207309290,2025-06-05T06:13:07.582709
BXL,BXL_06,3648071076207309290,2025-06-05T06:13:07.582719
BXL,BXL_07,3648071076207309290,2025-06-05T06:13:07.582729
BXL,BXL_08,3648071076207309290,2025-06-05T06:13:07.582739
BXL,BXL_09,3648071076207309290,2025-06-05T06:13:07.582749
BXL,BXL_10,3648071076207309290,2025-06-05T06:13:07.582759
BXL,BXL_11,3648071076207309290,2025-06-05T06:13:07.582769
BXL,BXL_12,3648071076207309290,2025-06-05T06:13:07.582778
BXL,BXL_13,3648071076207309290,2025-06-05T06:13:07.582788
BXL,BXL_14,3648071076207309290,2025-06-05T06:13:07.582798
BXL,BXL_15,3648071076207309290,2025-06-05T06:13:07.582808
BXL,BXL_16,3648071076207309290,2025-06-05T06:13:07.582818
BXL,BXL_17,3648071076207309290,2025-06-05T06:13:07.582828
BXL,BXL_18,3648071076207309290,2025-06-05T06:13:07.582838
BXL,BXL_19,3648071076207309290,2025-06-05T06:13:07.582848
BXL,BXL_20,3648071076207309290,2025-06-05T06:13:07.582858
BXL,BXL_21,3648071076207309290,2025-06-05T06:13:07.582867
BXL,BXL_22,3648112034718294249,2025-06-05T07:34:31.894499
BXL,BXL_23,3648112034718294249,2025-06-05T07:34:31.894930
BXL,BXL_24,3648112034718294249,2025-06-05T07:34:31.895236
BXL,BXL_25,3648112034718294249,2025-06-05T07:34:31.895256
BXL,BXL_26,3648112034718294249,2025-06-05T07:34:31.895269
BXL,BXL_27,3648112034718294249,2025-06-05T07:34:31.895282
BXL,BXL_28,3648112034718294249,2025-06-05T07:34:31.895294
BXL,BXL_29,3648112034718294249,2025-06-05T07:34:31.895307
BXL,BXL_30,3648112034718294249,2025-06-05T07:34:31.895319
BXL,BXL_31,3648112034718294249,2025-06-05T07:34:31.895331
BXL,BXL_32,3648112034718294249,2025-06-05T07:34:31.895343
BXL,BXL_33,3648112034718294249,2025-06-05T07:34:31.895356
BXL,BXL_34,3648112034718294249,2025-06-05T07:34:31.895368
BXL,BXL_35,3648112034718294249,2025-06-05T07:34:31.895381
BXL,BXL_36,3648112034718294249,2025-06-05T07:34:31.895393
BXL,BXL_37,3648112034718294249,2025-06-05T07:34:31.895405
BXL,BXL_38,3648112034718294249,2025-06-05T07:34:31.895418
BXL,BXL_39,3648112034718294249,2025-06-05T07:34:31.895430
BXL,BXL_40,3648112034718294249,2025-06-05T07:34:31.895442
BXL,BXL_41,3648112034718294249,2025-06-05T07:34:31.895455
BXL,BXL_42,3648112034718294249,2025-06-05T07:34:31.895467
CAPF,CAPF_01,3648150874937794915,2025-06-05T08:51:41.252700
CAPF,CAPF_02,3648150874937794915,2025-06-05T08:51:41.252784
CAPF,CAPF_03,3648150874937794915,2025-06-05T08:51:41.252801
CAPF,CAPF_04,3648150874937794915,2025-06-05T08:51:41.252816
CAPF,CAPF_05,3648150874937794915,2025-06-05T08:51:41.252829
CAPF,CAPF_06,3648150874937794915,2025-06-05T08:51:41.252842
CAPF,CAPF_07,3648150874937794915,2025-06-05T08:51:41.252855
CAPF,CAPF_08,3648150874937794915,2025-06-05T08:51:41.252867
CAPF,CAPF_09,3648150874937794915,2025-06-05T08:51:41.252880
CAPF,CAPF_10,3648150874937794915,2025-06-05T08:51:41.252893
CAZ,CAZ_01,3648194821320055424,2025-06-05T10:18:59.101948
CAZ,CAZ_02,3648194821320055424,2025-06-05T10:18:59.102028
CAZ,CAZ_03,3648194821320055424,2025-06-05T10:18:59.102050
CAZ,CAZ_04,3648194821320055424,2025-06-05T10:18:59.102066
CAZ,CAZ_05,3648194821320055424,2025-06-05T10:18:59.102078
CAZ,CAZ_06,3648194821320055424,2025-06-05T10:18:59.102103
CAZ,CAZ_07,3648194821320055424,2025-06-05T10:18:59.102123
CAZ,CAZ_08,3648194821320055424,2025-06-05T10:18:59.102136
CAZ,CAZ_09,3648194821320055424,2025-06-05T10:18:59.102148
CAZ,CAZ_10,3648194821320055424,2025-06-05T10:18:59.102171
CAZ,CAZ_11,3648194821320055424,2025-06-05T10:18:59.102184
CAZ,CAZ_12,3648194821320055424,2025-06-05T10:18:59.102196
CAZ,CAZ_13,3648194821320055424,2025-06-05T10:18:59.102207
CAZ,CAZ_14,3648194821320055424,2025-06-05T10:18:59.102219
CAZ,CAZ_15,3648194821320055424,2025-06-05T10:18:59.102231
CAZ,CAZ_16,3648194821320055424,2025-06-05T10:18:59.102243
CAZ,CAZ_17,3648194821320055424,2025-06-05T10:18:59.102254
CAZ,CAZ_18,3648194821320055424,2025-06-05T10:18:59.102266
CAZ,CAZ_19,3648194821320055424,2025-06-05T10:18:59.102278
CAZ,CAZ_20,3648194821320055424,2025-06-05T10:18:59.102290
CAZ,CAZ_21,3648194821320055424,2025-06-05T10:18:59.102302
CAZ,CAZ_22,3648247153701495077,2025-06-05T12:02:58.356579
CAZ,CAZ_23,3648247153701495077,2025-06-05T12:02:58.356933
CAZ,CAZ_24,3648247153701495077,2025-06-05T12:02:58.356960
CAZ,CAZ_25,3648247153701495077,2025-06-05T12:02:58.356975
CAZ,CAZ_26,3648247153701495077,2025-06-05T12:02:58.357009
CAZ,CAZ_27,3648247153701495077,2025-06-05T12:02:58.357024
CAZ,CAZ_28,3648247153701495077,2025-06-05T12:02:58.357037
CAZ,CAZ_29,3648247153701495077,2025-06-05T12:02:58.357049
CAZ,CAZ_30,3648247153701495077,2025-06-05T12:02:58.357062
CAZ,CAZ_31,3648247153701495077,2025-06-05T12:02:58.357075
CAZ,CAZ_32,3648247153701495077,2025-06-05T12:02:58.357087
CAZ,CAZ_33,3648247153701495077,2025-06-05T12:02:58.357099
CAZ,CAZ_34,3648247153701495077,2025-06-05T12:02:58.357112
CAZ,CAZ_35,3648247153701495077,2025-06-05T12:02:58.357124
CAZ,CAZ_36,3648247153701495077,2025-06-05T12:02:58.357136
CAZ,CAZ_37,3648247153701495077,2025-06-05T12:02:58.357149
CAZ,CAZ_38,3648247153701495077,2025-06-05T12:02:58.357161
CAZ,CAZ_39,3648247153701495077,2025-06-05T12:02:58.357174
CAZ,CAZ_40,3648247153701495077,2025-06-05T12:02:58.357186
CCU,CCU_01,3648292203194000093,2025-06-05T13:32:28.145680
CCU,CCU_02,3648292203194000093,2025-06-05T13:32:28.145711
CCU,CCU_03,3648292203194000093,2025-06-05T13:32:28.145719
CHAR,CHAR_01,3648311947259297028,2025-06-05T14:11:42.162874
CLR,CLR_01,3648345194492154897,2025-06-05T15:17:46.557624
CLR,CLR_02,3648345194492154897,2025-06-05T15:17:46.557656
CLR,CLR_03,3648345194492154897,2025-06-05T15:17:46.557665
CLR,CLR_04,3648345194492154897,2025-06-05T15:17:46.557671
CLR,CLR_05,3648345194492154897,2025-06-05T15:17:46.557676
CLR,CLR_06,3648345194492154897,2025-06-05T15:17:46.557681
CLR,CLR_07,3648345194492154897,2025-06-05T15:17:46.557686
CLR,CLR_08,3648345194492154897,2025-06-05T15:17:46.557690
CLR,CLR_09,3648345194492154897,2025-06-05T15:17:46.557695
CLR,CLR_10,3648345194492154897,2025-06-05T15:17:46.557699
CLR,CLR_11,3648345194492154897,2025-06-05T15:17:46.557704
CLR,CLR_12,3648345194492154897,2025-06-05T15:17:46.557709
CLR,CLR_13,3648345194492154897,2025-06-05T15:17:46.557713
CLR,CLR_14,3648345194492154897,2025-06-05T15:17:46.557718
CLR,CLR_15,3648345194492154897,2025-06-05T15:17:46.557723
CLR,CLR_16,3648345194492154897,2025-06-05T15:17:46.557727
CLR,CLR_17,3648345194492154897,2025-06-05T15:17:46.557732
CLR,CLR_18,3648345194492154897,2025-06-05T15:17:46.557736
CLR,CLR_19,3648345194492154897,2025-06-05T15:17:46.557741
CLR,CLR_20,3648345194492154897,2025-06-05T15:17:46.557745
CLR,CLR_21,3648345194492154897,2025-06-05T15:17:46.557750
CLR,CLR_22,3648364156739290725,2025-06-05T15:55:26.069257
CLR,CLR_23,3648364156739290725,2025-06-05T15:55:26.069330
CLR,CLR_24,3648364156739290725,2025-06-05T15:55:26.069349
CLR,CLR_25,3648364156739290725,2025-06-05T15:55:26.069381
CLR,CLR_26,3648364156739290725,2025-06-05T15:55:26.069399
CLR,CLR_27,3648364156739290725,2025-06-05T15:55:26.069439
CLR,CLR_28,3648364156739290725,2025-06-05T15:55:26.069456
CLR,CLR_29,3648364156739290725,2025-06-05T15:55:26.069472
CLR,CLR_30,3648364156739290725,2025-06-05T15:55:26.069488
CLR,CLR_31,3648364156739290725,2025-06-05T15:55:26.069503
CLR,CLR_32,3648364156739290725,2025-06-05T15:55:26.069518
CLR,CLR_33,3648364156739290725,2025-06-05T15:55:26.069534
CLR,CLR_34,3648364156739290725,2025-06-05T15:55:26.069549
CLR,CLR_35,3648364156739290725,2025-06-05T15:55:26.069564
CLR,CLR_36,3648364156739290725,2025-06-05T15:55:26.069580
CLR,CLR_37,3648364156739290725,2025-06-05T15:55:26.069595
CLR,CLR_38,3648364156739290725,2025-06-05T15:55:26.069610
CLR,CLR_39,3648364156739290725,2025-06-05T15:55:26.069625
CLR,CLR_40,3648364156739290725,2025-06-05T15:55:26.069640
CLR,CLR_41,3648364156739290725,2025-06-05T15:55:26.069655
CLR,CLR_42,3648364156739290725,2025-06-05T15:55:26.069671
CLR,CLR_43,3648397837503775986,2025-06-05T17:02:21.905435
CLR,CLR_44,3648397837503775986,2025-06-05T17:02:21.905525
CLR,CLR_45,3648397837503775986,2025-06-05T17:02:21.905545
CLR,CLR_46,3648397837503775986,2025-06-05T17:02:21.905564
CLR,CLR_47,3648397837503775986,2025-06-05T17:02:21.905581
CON,CON_01,3648440611393238262,2025-06-05T18:27:21.052472
CON,CON_02,3648440611393238262,2025-06-05T18:27:21.052509
DIJ,DIJ_01,3648494274341770894,2025-06-05T20:13:57.119031
DIJ,DIJ_02,3648494274341770894,2025-06-05T20:13:57.119256
DIJ,DIJ_03,3648494274341770894,2025-06-05T20:13:57.119271
DIJ,DIJ_04,3648494274341770894,2025-06-05T20:13:57.119283
DIJ,DIJ_05,3648494274341770894,2025-06-05T20:13:57.119295
DIJ,DIJ_06,3648494274341770894,2025-06-05T20:13:57.119306
DJBA,DJBA_01,3648529228866131098,2025-06-05T21:23:24.357859
DJBA,DJBA_02,3648529228866131098,2025-06-05T21:23:24.357923
DJBA,DJBA_03,3648529228866131098,2025-06-05T21:23:24.357939
DJBA,DJBA_04,3648529228866131098,2025-06-05T21:23:24.357953
DJBA,DJBA_05,3648529228866131098,2025-06-05T21:23:24.357966
DJBA,DJBA_06,3648529228866131098,2025-06-05T21:23:24.357979
DJBA,DJBA_07,3648529228866131098,2025-06-05T21:23:24.357992
DJBA,DJBA_08,3648529228866131098,2025-06-05T21:23:24.358005
DJBA,DJBA_09,3648529228866131098,2025-06-05T21:23:24.358017
DJBA,DJBA_10,3648529228866131098,2025-06-05T21:23:24.358030
DJBA,DJBA_11,3648529228866131098,2025-06-05T21:23:24.358042
DJBA,DJBA_12,3648529228866131098,2025-06-05T21:23:24.358054
DJBA,DJBA_13,3648529228866131098,2025-06-05T21:23:24.358067
DJBA,DJBA_14,3648529228866131098,2025-06-05T21:23:24.358079
DJBA,DJBA_15,3648529228866131098,2025-06-05T21:23:24.358091
DJBA,DJBA_16,3648529228866131098,2025-06-05T21:23:24.358103
DJBA,DJBA_17,3648529228866131098,2025-06-05T21:23:24.358116
DJBA,DJBA_18,3648529228866131098,2025-06-05T21:23:24.358129
DJBA,DJBA_19,3648529228866131098,2025-06-05T21:23:24.358141
DJBA,DJBA_20,3648529228866131098,2025-06-05T21:23:24.358153
DJBA,DJBA_21,3648529228866131098,2025-06-05T21:23:24.358165
DJBA,DJBA_22,3648551611870392004,2025-06-05T22:07:51.691958
DJBA,DJBA_23,3648551611870392004,2025-06-05T22:07:51.692006
DJBA,DJBA_24,3648551611870392004,2025-06-05T22:07:51.692019
DJBA,DJBA_25,3648551611870392004,2025-06-05T22:07:51.692030
DJBA,DJBA_26,3648551611870392004,2025-06-05T22:07:51.692057
DJBA,DJBA_27,3648551611870392004,2025-06-05T22:07:51.692068
DJBA,DJBA_28,3648551611870392004,2025-06-05T22:07:51.692088
DJBA,DJBA_29,3648551611870392004,2025-06-05T22:07:51.692100
DJBA,DJBA_30,3648551611870392004,2025-06-05T22:07:51.692110
DJBA,DJBA_31,3648551611870392004,2025-06-05T22:07:51.692120
DJBA,DJBA_32,3648551611870392004,2025-06-05T22:07:51.692131
DJBA,DJBA_33,3648551611870392004,2025-06-05T22:07:51.692141
DJBA,DJBA_34,3648551611870392004,2025-06-05T22:07:51.692151
DJBA,DJBA_35,3648551611870392004,2025-06-05T22:07:51.692161
DJBA,DJBA_36,3648551611870392004,2025-06-05T22:07:51.692171
DJBA,DJBA_37,3648551611870392004,2025-06-05T22:07:51.692189
DJBA,DJBA_38,3648551611870392004,2025-06-05T22:07:51.692199
DJBA,DJBA_39,3648551611870392004,2025-06-05T22:07:51.692210
DJBA,DJBA_40,3648551611870392004,2025-06-05T22:07:51.692220
DJBA,DJBA_41,3648551611870392004,2025-06-05T22:07:51.692230
DJBA,DJBA_42,3648551611870392004,2025-06-05T22:07:51.692240
DJBA,DJBA_43,3648611510858630907,2025-06-06T00:06:55.735548
DJBA,DJBA_44,3648611510858630907,2025-06-06T00:06:55.735892
DJBA,DJBA_45,3648611510858630907,2025-06-06T00:06:55.735909
DJBA,DJBA_46,3648611510858630907,2025-06-06T00:06:55.735923
DJBA,DJBA_47,3648611510858630907,2025-06-06T00:06:55.735970
DJBA,DJBA_48,3648611510858630907,2025-06-06T00:06:55.735984
DJBA,DJBA_49,3648611510858630907,2025-06-06T00:06:55.735996
DJBA,DJBA_50,3648611510858630907,2025-06-06T00:06:55.736008
DJBA,DJBA_51,3648611510858630907,2025-06-06T00:06:55.736021
DJBA,DJBA_52,3648611510858630907,2025-06-06T00:06:55.736033
DJBA,DJBA_53,3648611510858630907,2025-06-06T00:06:55.736045
DJBA,DJBA_54,3648611510858630907,2025-06-06T00:06:55.736057
DJBA,DJBA_55,3648611510858630907,2025-06-06T00:06:55.736069
DJBA,DJBA_56,3648611510858630907,2025-06-06T00:06:55.736080
DJBA,DJBA_57,3648611510858630907,2025-06-06T00:06:55.736092
DJBA,DJBA_58,3648611510858630907,2025-06-06T00:06:55.736104
DJN,DJN_01,3648652740565116545,2025-06-06T01:28:50.723845
DJN,DJN_02,3648652740565116545,2025-06-06T01:28:50.723916
DJN,DJN_03,3648652740565116545,2025-06-06T01:28:50.723942
DJN,DJN_04,3648652740565116545,2025-06-06T01:28:50.723961
DJN,DJN_05,3648652740565116545,2025-06-06T01:28:50.723978
DJN,DJN_06,3648652740565116545,2025-06-06T01:28:50.723994
DJN,DJN_07,3648652740565116545,2025-06-06T01:28:50.724010
DJN,DJN_08,3648652740565116545,2025-06-06T01:28:50.724026
DJN,DJN_09,3648652740565116545,2025-06-06T01:28:50.724042
DJN,DJN_10,3648652740565116545,2025-06-06T01:28:50.724057
DJN,DJN_11,3648652740565116545,2025-06-06T01:28:50.724072
DJN,DJN_13,3648652740565116545,2025-06-06T01:28:50.724087
DJN,DJN_14,3648652740565116545,2025-06-06T01:28:50.724102
DJN,DJN_15,3648652740565116545,2025-06-06T01:28:50.724117
DJN,DJN_16,3648652740565116545,2025-06-06T01:28:50.724132
DJN,DJN_17,3648652740565116545,2025-06-06T01:28:50.724147
DJN,DJN_18,3648652740565116545,2025-06-06T01:28:50.724162
DJN,DJN_19,3648652740565116545,2025-06-06T01:28:50.724177
DJN,DJN_20,3648652740565116545,2025-06-06T01:28:50.724192
DJN,DJN_21,3648652740565116545,2025-06-06T01:28:50.724207
DJN,DJN_22,3648652740565116545,2025-06-06T01:28:50.724222
DJN,DJN_23,3648679903372609609,2025-06-06T02:22:47.665809
DJN,DJN_12,3648679903372609609,2025-06-06T02:22:47.666076
ELT,ELT_01,3648737713600277576,2025-06-06T04:17:37.810595
ELT,ELT_02,3648737713600277576,2025-06-06T04:17:37.810691
FAO,FAO_01,3648754422088326884,2025-06-06T04:50:48.980265
FAO,FAO_02,3648754422088326884,2025-06-06T04:50:48.980311
FAO,FAO_03,3648754422088326884,2025-06-06T04:50:48.980335
FAO,FAO_04,3648754422088326884,2025-06-06T04:50:48.980353
FKF,FKF_01,3648851953161656426,2025-06-06T08:04:35.622527
FKF,FKF_02,3648851953161656426,2025-06-06T08:04:35.622640
FKF,FKF_03,3648851953161656426,2025-06-06T08:04:35.622685
FKF,FKF_04,3648851953161656426,2025-06-06T08:04:35.622703
FKF,FKF_05,3648851953161656426,2025-06-06T08:04:35.622718
FKF,FKF_06,3648851953161656426,2025-06-06T08:04:35.622741
FKF,FKF_07,3648851953161656426,2025-06-06T08:04:35.622756
FKF,FKF_08,3648851953161656426,2025-06-06T08:04:35.622769
FKF,FKF_09,3648851953161656426,2025-06-06T08:04:35.622784
FKF,FKF_10,3648851953161656426,2025-06-06T08:04:35.622798
FKF,FKF_11,3648851953161656426,2025-06-06T08:04:35.622812
FKF,FKF_12,3648851953161656426,2025-06-06T08:04:35.622825
FKF,FKF_13,3648851953161656426,2025-06-06T08:04:35.622839
FKF,FKF_14,3648851953161656426,2025-06-06T08:04:35.622852
FRQ,FRQ_01,3648907710393786243,2025-06-06T09:55:22.700893
FRQ,FRQ_02,3648907710393786243,2025-06-06T09:55:22.703005
FRQ,FRQ_03,3648907710393786243,2025-06-06T09:55:22.703038
FRQ,FRQ_04,3648907710393786243,2025-06-06T09:55:22.703051
FTBL,FTBL_01,3648936258831717908,2025-06-06T10:52:05.798794
FTBL,FTBL_02,3648936258831717908,2025-06-06T10:52:05.798863
FTBL,FTBL_03,3648936258831717908,2025-06-06T10:52:05.798882
FTBL,FTBL_04,3648936258831717908,2025-06-06T10:52:05.798894
FTBL,FTBL_05,3648936258831717908,2025-06-06T10:52:05.798905
FTBL,FTBL_06,3648936258831717908,2025-06-06T10:52:05.798915
FTBL,FTBL_07,3648936258831717908,2025-06-06T10:52:05.798926
FTBL,FTBL_08,3648936258831717908,2025-06-06T10:52:05.798936
FTBL,FTBL_09,3648936258831717908,2025-06-06T10:52:05.798946
FTBL,FTBL_10,3648936258831717908,2025-06-06T10:52:05.798957
FTBL,FTBL_11,3648936258831717908,2025-06-06T10:52:05.798976
FTBL,FTBL_12,3648936258831717908,2025-06-06T10:52:05.798987
FTBL,FTBL_13,3648936258831717908,2025-06-06T10:52:05.798997
FTBL,FTBL_14,3648936258831717908,2025-06-06T10:52:05.799007
FTBL,FTBL_15,3648936258831717908,2025-06-06T10:52:05.799018
FTBL,FTBL_16,3648936258831717908,2025-06-06T10:52:05.799028
FTBL,FTBL_17,3648936258831717908,2025-06-06T10:52:05.799038
FTBL,FTBL_18,3648936258831717908,2025-06-06T10:52:05.799049
FTBL,FTBL_19,3648936258831717908,2025-06-06T10:52:05.799059
FTBL,FTBL_21,3648936258831717908,2025-06-06T10:52:05.799069
FTBL,FTBL_22,3648936258831717908,2025-06-06T10:52:05.799079
FTBL,FTBL_23,3648983657352609735,2025-06-06T12:26:15.699889
FTBL,FTBL_24,3648983657352609735,2025-06-06T12:26:15.699986
FTBL,FTBL_25,3648983657352609735,2025-06-06T12:26:15.700015
FTBL,FTBL_26,3648983657352609735,2025-06-06T12:26:15.700033
FTBL,FTBL_27,3648983657352609735,2025-06-06T12:26:15.700049
FTBL,FTBL_28,3648983657352609735,2025-06-06T12:26:15.700065
FTBL,FTBL_29,3648983657352609735,2025-06-06T12:26:15.700080
FTBL,FTBL_30,3648983657352609735,2025-06-06T12:26:15.700095
FTBL,FTBL_31,3648983657352609735,2025-06-06T12:26:15.700111
FTBL,FTBL_32,3648983657352609735,2025-06-06T12:26:15.700126
FTBL,FTBL_33,3648983657352609735,2025-06-06T12:26:15.700142
FTBL,FTBL_34,3648983657352609735,2025-06-06T12:26:15.700157
FTBL,FTBL_35,3648983657352609735,2025-06-06T12:26:15.700180
FTBL,FTBL_36,3648983657352609735,2025-06-06T12:26:15.700197
FTBL,FTBL_37,3648983657352609735,2025-06-06T12:26:15.700212
FTBL,FTBL_38,3648983657352609735,2025-06-06T12:26:15.700227
FTBL,FTBL_39,3648983657352609735,2025-06-06T12:26:15.700242
FTBL,FTBL_40,3648983657352609735,2025-06-06T12:26:15.700258
FTBL,FTBL_41,3648983657352609735,2025-06-06T12:26:15.700274
FTBL,FTBL_42,3648983657352609735,2025-06-06T12:26:15.700289
FTBL,FTBL_43,3648983657352609735,2025-06-06T12:26:15.700305
FTBL,FTBL_44,3649012131568229612,2025-06-06T13:22:50.186163
FTBL,FTBL_45,3649012131568229612,2025-06-06T13:22:50.186553
FTBL,FTBL_46,3649012131568229612,2025-06-06T13:22:50.186570
FTBL,FTBL_20,3649012131568229612,2025-06-06T13:22:50.186584
GNV,GNV_01,3649056736674055797,2025-06-06T14:51:28.343211
GNV,GNV_02,3649056736674055797,2025-06-06T14:51:28.343474
GNV,GNV_03,3649056736674055797,2025-06-06T14:51:28.343489
GNV,GNV_04,3649056736674055797,2025-06-06T14:51:28.343500
GNV,GNV_05,3649056736674055797,2025-06-06T14:51:28.343511
GNV,GNV_06,3649056736674055797,2025-06-06T14:51:28.343521
GNV,GNV_07,3649056736674055797,2025-06-06T14:51:28.343531
GNV,GNV_08,3649056736674055797,2025-06-06T14:51:28.343541
GNV,GNV_09,3649056736674055797,2025-06-06T14:51:28.343551
GNV,GNV_10,3649056736674055797,2025-06-06T14:51:28.343561
GNV,GNV_11,3649056736674055797,2025-06-06T14:51:28.343571
GNV,GNV_12,3649056736674055797,2025-06-06T14:51:28.343581
GNV,GNV_13,3649056736674055797,2025-06-06T14:51:28.343591
GNV,GNV_14,3649056736674055797,2025-06-06T14:51:28.343601
GNV,GNV_15,3649056736674055797,2025-06-06T14:51:28.343632
GNV,GNV_16,3649056736674055797,2025-06-06T14:51:28.343643
GNV,GNV_17,3649056736674055797,2025-06-06T14:51:28.343653
GNV,GNV_18,3649056736674055797,2025-06-06T14:51:28.343663
GNV,GNV_19,3649056736674055797,2025-06-06T14:51:28.343673
GNV,GNV_20,3649056736674055797,2025-06-06T14:51:28.343683
GNV,GNV_21,3649056736674055797,2025-06-06T14:51:28.343692
GNV,GNV_22,3649094540539736349,2025-06-06T16:06:34.981918
GNV,GNV_23,3649094540539736349,2025-06-06T16:06:34.981996
GNV,GNV_24,3649094540539736349,2025-06-06T16:06:34.982023
GNV,GNV_25,3649094540539736349,2025-06-06T16:06:34.982054
GNV,GNV_26,3649094540539736349,2025-06-06T16:06:34.982072
GNV,GNV_27,3649094540539736349,2025-06-06T16:06:34.982088
GNV,GNV_28,3649094540539736349,2025-06-06T16:06:34.982103
GNV,GNV_29,3649094540539736349,2025-06-06T16:06:34.982119
GNV,GNV_30,3649094540539736349,2025-06-06T16:06:34.982134
GNV,GNV_31,3649094540539736349,2025-06-06T16:06:34.982150
GNV,GNV_32,3649094540539736349,2025-06-06T16:06:34.982165
GNV,GNV_33,3649094540539736349,2025-06-06T16:06:34.982181
GRN,GRN_01,3649117469793246270,2025-06-06T16:52:07.345298
GRN,GRN_02,3649117469793246270,2025-06-06T16:52:07.345648
GRN,GRN_03,3649117469793246270,2025-06-06T16:52:07.345675
GRN,GRN_04,3649117469793246270,2025-06-06T16:52:07.345698
GRN,GRN_05,3649117469793246270,2025-06-06T16:52:07.345712
GRN,GRN_06,3649117469793246270,2025-06-06T16:52:07.345725
GRN,GRN_07,3649117469793246270,2025-06-06T16:52:07.345737
GRN,GRN_08,3649117469793246270,2025-06-06T16:52:07.345749
GRN,GRN_09,3649117469793246270,2025-06-06T16:52:07.345761
GRN,GRN_10,3649117469793246270,2025-06-06T16:52:07.345774
GRN,GRN_11,3649117469793246270,2025-06-06T16:52:07.345786
GRN,GRN_12,3649117469793246270,2025-06-06T16:52:07.345798
GRN,GRN_13,3649117469793246270,2025-06-06T16:52:07.345810
GRN,GRN_14,3649117469793246270,2025-06-06T16:52:07.345822
GRN,GRN_15,3649117469793246270,2025-06-06T16:52:07.345834
GRN,GRN_16,3649117469793246270,2025-06-06T16:52:07.345846
GRN,GRN_17,3649117469793246270,2025-06-06T16:52:07.345858
GRN,GRN_18,3649117469793246270,2025-06-06T16:52:07.345870
GRN,GRN_19,3649117469793246270,2025-06-06T16:52:07.345882
GRN,GRN_20,3649117469793246270,2025-06-06T16:52:07.345894
GRN,GRN_21,3649117469793246270,2025-06-06T16:52:07.345906
GRN,GRN_22,3649154435318373205,2025-06-06T18:05:38.676066
GRN,GRN_23,3649154435318373205,2025-06-06T18:05:38.677128
GRN,GRN_24,3649154435318373205,2025-06-06T18:05:38.677152
GRN,GRN_25,3649154435318373205,2025-06-06T18:05:38.677167
GRN,GRN_26,3649154435318373205,2025-06-06T18:05:38.677181
GRN,GRN_27,3649154435318373205,2025-06-06T18:05:38.677318
GRN,GRN_28,3649154435318373205,2025-06-06T18:05:38.677360
GRN,GRN_29,3649154435318373205,2025-06-06T18:05:38.677383
GRN,GRN_30,3649154435318373205,2025-06-06T18:05:38.677397
GRN,GRN_31,3649154435318373205,2025-06-06T18:05:38.677411
GRN,GRN_32,3649154435318373205,2025-06-06T18:05:38.677423
GRN,GRN_33,3649154435318373205,2025-06-06T18:05:38.677435
GRN,GRN_34,3649154435318373205,2025-06-06T18:05:38.677471
GRN,GRN_35,3649154435318373205,2025-06-06T18:05:38.677724
GRN,GRN_36,3649154435318373205,2025-06-06T18:05:38.677737
GRN,GRN_37,3649154435318373205,2025-06-06T18:05:38.677748
GRN,GRN_38,3649154435318373205,2025-06-06T18:05:38.677758
GRN,GRN_39,3649154435318373205,2025-06-06T18:05:38.677769
GRN,GRN_40,3649154435318373205,2025-06-06T18:05:38.677779
GRN,GRN_41,3649154435318373205,2025-06-06T18:05:38.677789
GRN,GRN_42,3649154435318373205,2025-06-06T18:05:38.677799
GRN,GRN_43,3649201712951141945,2025-06-06T19:39:29.644640
GRN,GRN_44,3649201712951141945,2025-06-06T19:39:29.644674
GRN,GRN_45,3649201712951141945,2025-06-06T19:39:29.644682
GRN,GRN_46,3649201712951141945,2025-06-06T19:39:29.644691
GRN,GRN_47,3649201712951141945,2025-06-06T19:39:29.644697
GRN,GRN_48,3649201712951141945,2025-06-06T19:39:29.644704
GRN,GRN_49,3649201712951141945,2025-06-06T19:39:29.644710
GRN,GRN_50,3649201712951141945,2025-06-06T19:39:29.644717
GRN,GRN_51,3649201712951141945,2025-06-06T19:39:29.644728
GRN,GRN_52,3649201712951141945,2025-06-06T19:39:29.644735
GRN,GRN_53,3649201712951141945,2025-06-06T19:39:29.644741
GRN,GRN_54,3649201712951141945,2025-06-06T19:39:29.644747
GRN,GRN_55,3649201712951141945,2025-06-06T19:39:29.644754
GRN,GRN_56,3649201712951141945,2025-06-06T19:39:29.644760
GRN,GRN_57,3649201712951141945,2025-06-06T19:39:29.644767
GRU,GRU_01,3649254915105126918,2025-06-06T21:25:13.689108
GRU,GRU_02,3649254915105126918,2025-06-06T21:25:13.689158
GRU,GRU_03,3649254915105126918,2025-06-06T21:25:13.689172
HALM,HALM_01,3649304622580980794,2025-06-06T23:04:00.154644
HALM,HALM_02,3649304622580980794,2025-06-06T23:04:00.154728
HK,HK_01,3649343596431392202,2025-06-07T00:21:26.572412
HK,HK_02,3649343596431392202,2025-06-07T00:21:26.572517
HK,HK_03,3649343596431392202,2025-06-07T00:21:26.572545
HK,HK_04,3649343596431392202,2025-06-07T00:21:26.572560
HK,HK_05,3649343596431392202,2025-06-07T00:21:26.572573
HK,HK_06,3649343596431392202,2025-06-07T00:21:26.572597
HK,HK_07,3649343596431392202,2025-06-07T00:21:26.572610
HK,HK_08,3649343596431392202,2025-06-07T00:21:26.572622
HK,HK_09,3649343596431392202,2025-06-07T00:21:26.572635
HK,HK_10,3649343596431392202,2025-06-07T00:21:26.572647
HK,HK_12,3649343596431392202,2025-06-07T00:21:26.572660
HK,HK_13,3649343596431392202,2025-06-07T00:21:26.572672
HK,HK_14,3649343596431392202,2025-06-07T00:21:26.572691
HK,HK_16,3649343596431392202,2025-06-07T00:21:26.572703
HK,HK_17,3649343596431392202,2025-06-07T00:21:26.572727
HK,HK_18,3649343596431392202,2025-06-07T00:21:26.572739
HK,HK_19,3649343596431392202,2025-06-07T00:21:26.572752
HK,HK_20,3649343596431392202,2025-06-07T00:21:26.572772
HK,HK_21,3649343596431392202,2025-06-07T00:21:26.572785
HK,HK_22,3649343596431392202,2025-06-07T00:21:26.572797
HK,HK_23,3649343596431392202,2025-06-07T00:21:26.572808
HK,HK_24,3649391374610617401,2025-06-07T01:56:23.191410
HK,HK_25,3649391374610617401,2025-06-07T01:56:23.191902
HK,HK_26,3649391374610617401,2025-06-07T01:56:23.191925
HK,HK_27,3649391374610617401,2025-06-07T01:56:23.191943
HK,HK_28,3649391374610617401,2025-06-07T01:56:23.191959
HK,HK_29,3649391374610617401,2025-06-07T01:56:23.191975
HK,HK_30,3649391374610617401,2025-06-07T01:56:23.191991
HK,HK_31,3649391374610617401,2025-06-07T01:56:23.192006
HK,HK_32,3649391374610617401,2025-06-07T01:56:23.192022
HK,HK_33,3649391374610617401,2025-06-07T01:56:23.192038
HK,HK_34,3649391374610617401,2025-06-07T01:56:23.192054
HK,HK_35,3649391374610617401,2025-06-07T01:56:23.192070
HK,HK_36,3649391374610617401,2025-06-07T01:56:23.192086
HK,HK_37,3649391374610617401,2025-06-07T01:56:23.192102
HK,HK_38,3649391374610617401,2025-06-07T01:56:23.192118
HK,HK_39,3649391374610617401,2025-06-07T01:56:23.192142
HK,HK_40,3649391374610617401,2025-06-07T01:56:23.192175
HK,HK_41,3649391374610617401,2025-06-07T01:56:23.192193
HK,HK_42,3649391374610617401,2025-06-07T01:56:23.192210
HK,HK_43,3649391374610617401,2025-06-07T01:56:23.192226
HK,HK_44,3649391374610617401,2025-06-07T01:56:23.192242
HK,HK_45,3649444123033366058,2025-06-07T03:41:11.747013
HK,HK_46,3649444123033366058,2025-06-07T03:41:11.747069
HK,HK_47,3649444123033366058,2025-06-07T03:41:11.747310
HK,HK_48,3649444123033366058,2025-06-07T03:41:11.747320
HK,HK_49,3649444123033366058,2025-06-07T03:41:11.747327
HK,HK_50,3649444123033366058,2025-06-07T03:41:11.747334
HK,HK_51,3649444123033366058,2025-06-07T03:41:11.747341
HK,HK_52,3649444123033366058,2025-06-07T03:41:11.747347
HK,HK_53,3649444123033366058,2025-06-07T03:41:11.747354
HK,HK_54,3649444123033366058,2025-06-07T03:41:11.747361
HK,HK_55,3649444123033366058,2025-06-07T03:41:11.747367
HK,HK_56,3649444123033366058,2025-06-07T03:41:11.747374
HK,HK_57,3649444123033366058,2025-06-07T03:41:11.747380
HK,HK_58,3649444123033366058,2025-06-07T03:41:11.747386
HK,HK_59,3649444123033366058,2025-06-07T03:41:11.747393
HK,HK_60,3649444123033366058,2025-06-07T03:41:11.747399
HK,HK_61,3649444123033366058,2025-06-07T03:41:11.747406
HK,HK_62,3649444123033366058,2025-06-07T03:41:11.747651
HK,HK_63,3649444123033366058,2025-06-07T03:41:11.747660
HK,HK_64,3649444123033366058,2025-06-07T03:41:11.747667
HK,HK_65,3649444123033366058,2025-06-07T03:41:11.747674
HK,HK_66,3649461108070251169,2025-06-07T04:14:55.075535
HK,HK_67,3649461108070251169,2025-06-07T04:14:55.075590
HK,HK_68,3649461108070251169,2025-06-07T04:14:55.075619
HK,HK_69,3649461108070251169,2025-06-07T04:14:55.075634
HK,HK_70,3649461108070251169,2025-06-07T04:14:55.075647
HK,HK_71,3649461108070251169,2025-06-07T04:14:55.075659
HK,HK_72,3649461108070251169,2025-06-07T04:14:55.075671
HK,HK_73,3649461108070251169,2025-06-07T04:14:55.075684
HK,HK_74,3649461108070251169,2025-06-07T04:14:55.075695
HK,HK_75,3649461108070251169,2025-06-07T04:14:55.075713
HK,HK_76,3649461108070251169,2025-06-07T04:14:55.075724
HK,HK_77,3649461108070251169,2025-06-07T04:14:55.075744
HK,HK_78,3649461108070251169,2025-06-07T04:14:55.075756
HK,HK_79,3649461108070251169,2025-06-07T04:14:55.075768
HK,HK_80,3649461108070251169,2025-06-07T04:14:55.075780
HK,HK_81,3649461108070251169,2025-06-07T04:14:55.075792
HK,HK_82,3649461108070251169,2025-06-07T04:14:55.075812
HK,HK_83,3649461108070251169,2025-06-07T04:14:55.075825
HK,HK_84,3649461108070251169,2025-06-07T04:14:55.075837
HK,HK_85,3649461108070251169,2025-06-07T04:14:55.075849
HK,HK_86,3649461108070251169,2025-06-07T04:14:55.075861
HK,HK_87,3649515312847616196,2025-06-07T06:02:36.857215
HK,HK_88,3649515312847616196,2025-06-07T06:02:36.857272
HK,HK_89,3649515312847616196,2025-06-07T06:02:36.857287
HK,HK_90,3649515312847616196,2025-06-07T06:02:36.857320
HK,HK_91,3649515312847616196,2025-06-07T06:02:36.857335
HK,HK_92,3649515312847616196,2025-06-07T06:02:36.857349
HK,HK_93,3649515312847616196,2025-06-07T06:02:36.857361
HK,HK_94,3649515312847616196,2025-06-07T06:02:36.857375
HK,HK_95,3649515312847616196,2025-06-07T06:02:36.857388
HK,HK_96,3649515312847616196,2025-06-07T06:02:36.857400
HK,HK_97,3649515312847616196,2025-06-07T06:02:36.857424
HK,HK_98,3649515312847616196,2025-06-07T06:02:36.857449
HK,HK_99,3649515312847616196,2025-06-07T06:02:36.857462
HK,HK_100,3649515312847616196,2025-06-07T06:02:36.857474
HK,HK_101,3649515312847616196,2025-06-07T06:02:36.857486
HK,HK_102,3649515312847616196,2025-06-07T06:02:36.857500
HK,HK_103,3649515312847616196,2025-06-07T06:02:36.857524
HK,HK_104,3649515312847616196,2025-06-07T06:02:36.857548
HK,HK_105,3649515312847616196,2025-06-07T06:02:36.857560
HK,HK_106,3649515312847616196,2025-06-07T06:02:36.857572
HK,HK_107,3649515312847616196,2025-06-07T06:02:36.857585
HK,HK_108,3649541179339625750,2025-06-07T06:53:56.828138
HK,HK_109,3649541179339625750,2025-06-07T06:53:56.828220
HK,HK_110,3649541179339625750,2025-06-07T06:53:56.828240
HK,HK_111,3649541179339625750,2025-06-07T06:53:56.828571
HK,HK_112,3649541179339625750,2025-06-07T06:53:56.828594
HK,HK_113,3649541179339625750,2025-06-07T06:53:56.828608
HK,HK_114,3649541179339625750,2025-06-07T06:53:56.828622
HK,HK_115,3649541179339625750,2025-06-07T06:53:56.828635
HK,HK_116,3649541179339625750,2025-06-07T06:53:56.828647
HK,HK_117,3649541179339625750,2025-06-07T06:53:56.828660
HK,HK_118,3649541179339625750,2025-06-07T06:53:56.828673
HK,HK_119,3649541179339625750,2025-06-07T06:53:56.828686
HK,HK_120,3649541179339625750,2025-06-07T06:53:56.828699
HK,HK_121,3649541179339625750,2025-06-07T06:53:56.828711
HK,HK_122,3649541179339625750,2025-06-07T06:53:56.828723
HK,HK_123,3649541179339625750,2025-06-07T06:53:56.828736
HK,HK_124,3649541179339625750,2025-06-07T06:53:56.828749
HK,HK_125,3649541179339625750,2025-06-07T06:53:56.828761
HK,HK_126,3649541179339625750,2025-06-07T06:53:56.828775
HK,HK_127,3649541179339625750,2025-06-07T06:53:56.828787
HK,HK_128,3649541179339625750,2025-06-07T06:53:56.828800
HK,HK_129,3649598445237344319,2025-06-07T08:47:44.641150
HK,HK_130,3649598445237344319,2025-06-07T08:47:44.641512
HK,HK_131,3649598445237344319,2025-06-07T08:47:44.641529
HK,HK_132,3649598445237344319,2025-06-07T08:47:44.641543
HK,HK_11,3649598445237344319,2025-06-07T08:47:44.641555
HK,HK_15,3649598445237344319,2025-06-07T08:47:44.641579
IST,IST_01,3649628510562115657,2025-06-07T09:47:27.967552
IST,IST_02,3649628510562115657,2025-06-07T09:47:27.967668
IST,IST_04,3649628510562115657,2025-06-07T09:47:27.967696
IST,IST_05,3649628510562115657,2025-06-07T09:47:27.967716
IST,IST_06,3649628510562115657,2025-06-07T09:47:27.967743
IST,IST_07,3649628510562115657,2025-06-07T09:47:27.967760
IST,IST_08,3649628510562115657,2025-06-07T09:47:27.967776
IST,IST_09,3649628510562115657,2025-06-07T09:47:27.967792
IST,IST_10,3649628510562115657,2025-06-07T09:47:27.967807
IST,IST_11,3649628510562115657,2025-06-07T09:47:27.967822
IST,IST_12,3649628510562115657,2025-06-07T09:47:27.967837
IST,IST_13,3649628510562115657,2025-06-07T09:47:27.967852
IST,IST_14,3649628510562115657,2025-06-07T09:47:27.967867
IST,IST_17,3649628510562115657,2025-06-07T09:47:27.967882
IST,IST_18,3649628510562115657,2025-06-07T09:47:27.967897
IST,IST_20,3649628510562115657,2025-06-07T09:47:27.967912
IST,IST_03,3649628510562115657,2025-06-07T09:47:27.967927
IST,IST_15,3649628510562115657,2025-06-07T09:47:27.967943
IST,IST_16,3649628510562115657,2025-06-07T09:47:27.967958
IST,IST_19,3649628510562115657,2025-06-07T09:47:27.967973
KAT,KAT_01,3649674316405044199,2025-06-07T11:18:29.362980
KAT,KAT_03,3649674316405044199,2025-06-07T11:18:29.363053
KAT,KAT_05,3649674316405044199,2025-06-07T11:18:29.363063
KAT,KAT_07,3649674316405044199,2025-06-07T11:18:29.363070
KAT,KAT_08,3649674316405044199,2025-06-07T11:18:29.363077
KAT,KAT_09,3649674316405044199,2025-06-07T11:18:29.363084
KAT,KAT_10,3649674316405044199,2025-06-07T11:18:29.363093
KAT,KAT_11,3649674316405044199,2025-06-07T11:18:29.363100
KAT,KAT_12,3649674316405044199,2025-06-07T11:18:29.363108
KAT,KAT_13,3649674316405044199,2025-06-07T11:18:29.363115
KAT,KAT_15,3649674316405044199,2025-06-07T11:18:29.363122
KAT,KAT_16,3649674316405044199,2025-06-07T11:18:29.363129
KAT,KAT_17,3649674316405044199,2025-06-07T11:18:29.363136
KAT,KAT_18,3649674316405044199,2025-06-07T11:18:29.363142
KAT,KAT_19,3649674316405044199,2025-06-07T11:18:29.363149
KAT,KAT_22,3649674316405044199,2025-06-07T11:18:29.363156
KAT,KAT_23,3649674316405044199,2025-06-07T11:18:29.363162
KAT,KAT_25,3649674316405044199,2025-06-07T11:18:29.363169
KAT,KAT_26,3649674316405044199,2025-06-07T11:18:29.363175
KAT,KAT_27,3649674316405044199,2025-06-07T11:18:29.363182
KAT,KAT_28,3649674316405044199,2025-06-07T11:18:29.363189
KAT,KAT_02,3649697025356858879,2025-06-07T12:03:35.974168
KAT,KAT_04,3649697025356858879,2025-06-07T12:03:35.974207
KAT,KAT_06,3649697025356858879,2025-06-07T12:03:35.974415
KAT,KAT_14,3649697025356858879,2025-06-07T12:03:35.974422
KAT,KAT_20,3649697025356858879,2025-06-07T12:03:35.974428
KAT,KAT_21,3649697025356858879,2025-06-07T12:03:35.974433
KAT,KAT_24,3649697025356858879,2025-06-07T12:03:35.974439
KLN,KLN_01,3649717164114459236,2025-06-07T12:43:37.271587
KLN,KLN_02,3649717164114459236,2025-06-07T12:43:37.271817
KLN,KLN_03,3649717164114459236,2025-06-07T12:43:37.271841
KLN,KLN_04,3649717164114459236,2025-06-07T12:43:37.271853
KLN,KLN_05,3649717164114459236,2025-06-07T12:43:37.271864
KLN,KLN_06,3649717164114459236,2025-06-07T12:43:37.271875
KLN,KLN_07,3649717164114459236,2025-06-07T12:43:37.271886
KLN,KLN_08,3649717164114459236,2025-06-07T12:43:37.271897
KLN,KLN_09,3649717164114459236,2025-06-07T12:43:37.271908
KLN,KLN_10,3649717164114459236,2025-06-07T12:43:37.271918
KLN,KLN_11,3649717164114459236,2025-06-07T12:43:37.271929
KLN,KLN_12,3649717164114459236,2025-06-07T12:43:37.271940
KLN,KLN_13,3649717164114459236,2025-06-07T12:43:37.271950
KLN,KLN_14,3649717164114459236,2025-06-07T12:43:37.271961
KLN,KLN_15,3649717164114459236,2025-06-07T12:43:37.271971
KLN,KLN_16,3649717164114459236,2025-06-07T12:43:37.271982
KLN,KLN_17,3649717164114459236,2025-06-07T12:43:37.271992
KLN,KLN_18,3649717164114459236,2025-06-07T12:43:37.272003
KLN,KLN_19,3649717164114459236,2025-06-07T12:43:37.272013
KLN,KLN_20,3649717164114459236,2025-06-07T12:43:37.272023
KLN,KLN_21,3649717164114459236,2025-06-07T12:43:37.272034
KLN,KLN_22,3649755803142014625,2025-06-07T14:00:23.657047
KLN,KLN_23,3649755803142014625,2025-06-07T14:00:23.657157
KLN,KLN_24,3649755803142014625,2025-06-07T14:00:23.657177
KLN,KLN_25,3649755803142014625,2025-06-07T14:00:23.657682
KLN,KLN_26,3649755803142014625,2025-06-07T14:00:23.657689
KLN,KLN_27,3649755803142014625,2025-06-07T14:00:23.657694
LA,LA_01,3649804227078052902,2025-06-07T15:36:36.551450
LA,LA_02,3649804227078052902,2025-06-07T15:36:36.551730
LA,LA_03,3649804227078052902,2025-06-07T15:36:36.552034
LA,LA_04,3649804227078052902,2025-06-07T15:36:36.552047
LA,LA_05,3649804227078052902,2025-06-07T15:36:36.552058
LA,LA_06,3649804227078052902,2025-06-07T15:36:36.552069
LA,LA_07,3649804227078052902,2025-06-07T15:36:36.552080
LA,LA_08,3649804227078052902,2025-06-07T15:36:36.552091
LA,LA_09,3649804227078052902,2025-06-07T15:36:36.552101
LA,LA_10,3649804227078052902,2025-06-07T15:36:36.552106
LA,LA_11,3649804227078052902,2025-06-07T15:36:36.552112
LA,LA_12,3649804227078052902,2025-06-07T15:36:36.552117
LA,LA_13,3649804227078052902,2025-06-07T15:36:36.552122
LA,LA_14,3649804227078052902,2025-06-07T15:36:36.552127
LA,LA_15,3649804227078052902,2025-06-07T15:36:36.552132
LA,LA_16,3649804227078052902,2025-06-07T15:36:36.552137
LA,LA_17,3649804227078052902,2025-06-07T15:36:36.552142
LA,LA_18,3649804227078052902,2025-06-07T15:36:36.552148
LA,LA_19,3649804227078052902,2025-06-07T15:36:36.552153
LA,LA_20,3649804227078052902,2025-06-07T15:36:36.552158
LA,LA_21,3649804227078052902,2025-06-07T15:36:36.552167
LA,LA_22,3649828074699423817,2025-06-07T16:23:57.644002
LA,LA_23,3649828074699423817,2025-06-07T16:23:57.645499
LA,LA_24,3649828074699423817,2025-06-07T16:23:57.645515
LA,LA_25,3649828074699423817,2025-06-07T16:23:57.645521
LA,LA_26,3649828074699423817,2025-06-07T16:23:57.645525
LA,LA_27,3649828074699423817,2025-06-07T16:23:57.645529
LA,LA_28,3649828074699423817,2025-06-07T16:23:57.645533
LA,LA_29,3649828074699423817,2025-06-07T16:23:57.645537
LA,LA_30,3649828074699423817,2025-06-07T16:23:57.645541
LA,LA_31,3649828074699423817,2025-06-07T16:23:57.645546
LA,LA_32,3649828074699423817,2025-06-07T16:23:57.645550
LA,LA_33,3649828074699423817,2025-06-07T16:23:57.645553
LA,LA_34,3649828074699423817,2025-06-07T16:23:57.645557
LA,LA_35,3649828074699423817,2025-06-07T16:23:57.645561
LA,LA_36,3649828074699423817,2025-06-07T16:23:57.645565
LA,LA_37,3649828074699423817,2025-06-07T16:23:57.645569
LA,LA_38,3649828074699423817,2025-06-07T16:23:57.645573
LA,LA_39,3649828074699423817,2025-06-07T16:23:57.645583
LA,LA_40,3649828074699423817,2025-06-07T16:23:57.645588
LA,LA_41,3649828074699423817,2025-06-07T16:23:57.645592
LA,LA_42,3649828074699423817,2025-06-07T16:23:57.645596
LA,LA_43,3649885362282031504,2025-06-07T18:17:47.226591
LA,LA_44,3649885362282031504,2025-06-07T18:17:47.226825
LA,LA_45,3649885362282031504,2025-06-07T18:17:47.226838
LA,LA_46,3649885362282031504,2025-06-07T18:17:47.226848
LA,LA_47,3649885362282031504,2025-06-07T18:17:47.227104
LA,LA_48,3649885362282031504,2025-06-07T18:17:47.227115
LA,LA_49,3649885362282031504,2025-06-07T18:17:47.227124
LA,LA_50,3649885362282031504,2025-06-07T18:17:47.227133
LA,LA_51,3649885362282031504,2025-06-07T18:17:47.227142
LA,LA_52,3649885362282031504,2025-06-07T18:17:47.227152
LA,LA_53,3649885362282031504,2025-06-07T18:17:47.227161
LA,LA_54,3649885362282031504,2025-06-07T18:17:47.227170
LA,LA_55,3649885362282031504,2025-06-07T18:17:47.227179
LA,LA_56,3649885362282031504,2025-06-07T18:17:47.227188
LA,LA_57,3649885362282031504,2025-06-07T18:17:47.227197
LA,LA_58,3649885362282031504,2025-06-07T18:17:47.227206
LA,LA_59,3649885362282031504,2025-06-07T18:17:47.227215
LA,LA_60,3649885362282031504,2025-06-07T18:17:47.227224
LA,LA_61,3649885362282031504,2025-06-07T18:17:47.227233
LA,LA_62,3649885362282031504,2025-06-07T18:17:47.227241
LA,LA_63,3649885362282031504,2025-06-07T18:17:47.227250
LA,LA_64,3649919312672842993,2025-06-07T19:25:14.541937
LA,LA_65,3649919312672842993,2025-06-07T19:25:14.542253
LA,LA_66,3649919312672842993,2025-06-07T19:25:14.542281
LA,LA_67,3649919312672842993,2025-06-07T19:25:14.542306
LA,LA_68,3649919312672842993,2025-06-07T19:25:14.542320
LA,LA_69,3649919312672842993,2025-06-07T19:25:14.542332
LA,LA_70,3649919312672842993,2025-06-07T19:25:14.542345
LA,LA_71,3649919312672842993,2025-06-07T19:25:14.542357
LA,LA_72,3649919312672842993,2025-06-07T19:25:14.542369
LA,LA_73,3649919312672842993,2025-06-07T19:25:14.542381
LA,LA_74,3649919312672842993,2025-06-07T19:25:14.542393
LA,LA_75,3649919312672842993,2025-06-07T19:25:14.542405
LA,LA_76,3649919312672842993,2025-06-07T19:25:14.542417
LA,LA_77,3649919312672842993,2025-06-07T19:25:14.542429
LA,LA_78,3649919312672842993,2025-06-07T19:25:14.542441
LA,LA_79,3649919312672842993,2025-06-07T19:25:14.542452
LA,LA_80,3649919312672842993,2025-06-07T19:25:14.542464
LA,LA_81,3649919312672842993,2025-06-07T19:25:14.542476
LA,LA_82,3649919312672842993,2025-06-07T19:25:14.542488
LA,LA_83,3649919312672842993,2025-06-07T19:25:14.542500
LA,LA_84,3649919312672842993,2025-06-07T19:25:14.542512
LA,LA_85,3649955355123875881,2025-06-07T20:36:51.090019
LA,LA_86,3649955355123875881,2025-06-07T20:36:51.090454
LA,LA_87,3649955355123875881,2025-06-07T20:36:51.090483
LA,LA_88,3649955355123875881,2025-06-07T20:36:51.090498
LA,LA_89,3649955355123875881,2025-06-07T20:36:51.090512
LA,LA_90,3649955355123875881,2025-06-07T20:36:51.090524
LA,LA_91,3649955355123875881,2025-06-07T20:36:51.090537
LA,LA_92,3649955355123875881,2025-06-07T20:36:51.090549
LA,LA_93,3649955355123875881,2025-06-07T20:36:51.090561
LA,LA_94,3649955355123875881,2025-06-07T20:36:51.090573
LA,LA_95,3649955355123875881,2025-06-07T20:36:51.090584
LA,LA_96,3649955355123875881,2025-06-07T20:36:51.090596
LA,LA_97,3649955355123875881,2025-06-07T20:36:51.090607
LA,LA_98,3649955355123875881,2025-06-07T20:36:51.090619
LA,LA_99,3649955355123875881,2025-06-07T20:36:51.090630
LA,LA_100,3649955355123875881,2025-06-07T20:36:51.090641
LA,LA_101,3649955355123875881,2025-06-07T20:36:51.090653
LA,LA_102,3649955355123875881,2025-06-07T20:36:51.090665
LA,LA_103,3649955355123875881,2025-06-07T20:36:51.090676
LA,LA_104,3649955355123875881,2025-06-07T20:36:51.090688
LA,LA_105,3649955355123875881,2025-06-07T20:36:51.090699
LA,LA_106,3650012433117321333,2025-06-07T22:30:17.295459
LA,LA_107,3650012433117321333,2025-06-07T22:30:17.295525
LA,LA_108,3650012433117321333,2025-06-07T22:30:17.295540
LA,LA_109,3650012433117321333,2025-06-07T22:30:17.295554
LA,LA_110,3650012433117321333,2025-06-07T22:30:17.295566
LA,LA_111,3650012433117321333,2025-06-07T22:30:17.295585
LA,LA_112,3650012433117321333,2025-06-07T22:30:17.295637
LA,LA_113,3650012433117321333,2025-06-07T22:30:17.295657
LA,LA_114,3650012433117321333,2025-06-07T22:30:17.295671
LA,LA_115,3650012433117321333,2025-06-07T22:30:17.295695
LA,LA_116,3650012433117321333,2025-06-07T22:30:17.295709
LA,LA_117,3650012433117321333,2025-06-07T22:30:17.295721
LA,LA_118,3650012433117321333,2025-06-07T22:30:17.295734
LA,LA_119,3650012433117321333,2025-06-07T22:30:17.295746
LA,LA_120,3650012433117321333,2025-06-07T22:30:17.295758
LA,LA_121,3650012433117321333,2025-06-07T22:30:17.295771
LA,LA_122,3650012433117321333,2025-06-07T22:30:17.295783
LA,LA_123,3650012433117321333,2025-06-07T22:30:17.295796
LA,LA_124,3650012433117321333,2025-06-07T22:30:17.295808
LA,LA_125,3650012433117321333,2025-06-07T22:30:17.295821
LA,LA_126,3650012433117321333,2025-06-07T22:30:17.295833
LJU,LJU_01,3650260162158345757,2025-06-08T06:42:28.230786
LJU,LJU_02,3650260162158345757,2025-06-08T06:42:28.230883
LJU,LJU_03,3650260162158345757,2025-06-08T06:42:28.230891
LJU,LJU_04,3650260162158345757,2025-06-08T06:42:28.230897
LJU,LJU_05,3650260162158345757,2025-06-08T06:42:28.230901
LJU,LJU_06,3650260162158345757,2025-06-08T06:42:28.230905
LJU,LJU_07,3650260162158345757,2025-06-08T06:42:28.230909
LJU,LJU_08,3650260162158345757,2025-06-08T06:42:28.230923
LJU,LJU_09,3650260162158345757,2025-06-08T06:42:28.230935
LJU,LJU_10,3650260162158345757,2025-06-08T06:42:28.230940
LJU,LJU_11,3650260162158345757,2025-06-08T06:42:28.230944
LJU,LJU_12,3650260162158345757,2025-06-08T06:42:28.230947
LJU,LJU_13,3650260162158345757,2025-06-08T06:42:28.230951
LJU,LJU_14,3650260162158345757,2025-06-08T06:42:28.230963
LJU,LJU_15,3650260162158345757,2025-06-08T06:42:28.230971
LJU,LJU_16,3650260162158345757,2025-06-08T06:42:28.230975
LJU,LJU_17,3650260162158345757,2025-06-08T06:42:28.230984
LJU,LJU_18,3650260162158345757,2025-06-08T06:42:28.230993
LJU,LJU_19,3650260162158345757,2025-06-08T06:42:28.230998
LJU,LJU_20,3650260162158345757,2025-06-08T06:42:28.231022
LJU,LJU_21,3650260162158345757,2025-06-08T06:42:28.231026
LJU,LJU_22,3650280286202520929,2025-06-08T07:22:25.693002
LJU,LJU_23,3650280286202520929,2025-06-08T07:22:25.693503
LJU,LJU_24,3650280286202520929,2025-06-08T07:22:25.693517
LJU,LJU_25,3650280286202520929,2025-06-08T07:22:25.693523
LJU,LJU_26,3650280286202520929,2025-06-08T07:22:25.693528
LJU,LJU_27,3650280286202520929,2025-06-08T07:22:25.693533
LJU,LJU_28,3650280286202520929,2025-06-08T07:22:25.693538
LJU,LJU_29,3650280286202520929,2025-06-08T07:22:25.693543
LJU,LJU_30,3650280286202520929,2025-06-08T07:22:25.693548
LJU,LJU_31,3650280286202520929,2025-06-08T07:22:25.693553
LJU,LJU_32,3650280286202520929,2025-06-08T07:22:25.693558
LJU,LJU_33,3650280286202520929,2025-06-08T07:22:25.693563
LJU,LJU_34,3650280286202520929,2025-06-08T07:22:25.693568
LJU,LJU_35,3650280286202520929,2025-06-08T07:22:25.693573
LJU,LJU_36,3650280286202520929,2025-06-08T07:22:25.693578
LJU,LJU_37,3650280286202520929,2025-06-08T07:22:25.693583
LJU,LJU_38,3650280286202520929,2025-06-08T07:22:25.693588
LJU,LJU_39,3650280286202520929,2025-06-08T07:22:25.693593
LJU,LJU_40,3650280286202520929,2025-06-08T07:22:25.693598
LJU,LJU_41,3650280286202520929,2025-06-08T07:22:25.693602
LJU,LJU_42,3650280286202520929,2025-06-08T07:22:25.693607
LA,LA_127,3650454263231364939,2025-06-08T13:08:09.184667
LA,LA_128,3650454263231364939,2025-06-08T13:08:09.184732
LA,LA_129,3650454263231364939,2025-06-08T13:08:09.184743
LA,LA_130,3650454263231364939,2025-06-08T13:08:09.184751
LA,LA_131,3650454263231364939,2025-06-08T13:08:09.184758
LA,LA_132,3650454263231364939,2025-06-08T13:08:09.184765
LA,LA_133,3650454263231364939,2025-06-08T13:08:09.184772
LA,LA_134,3650454263231364939,2025-06-08T13:08:09.184785
LA,LA_135,3650454263231364939,2025-06-08T13:08:09.184793
LA,LA_136,3650454263231364939,2025-06-08T13:08:09.184800
LA,LA_137,3650454263231364939,2025-06-08T13:08:09.184806
LA,LA_138,3650454263231364939,2025-06-08T13:08:09.184813
LA,LA_139,3650454263231364939,2025-06-08T13:08:09.184820
LA,LA_140,3650454263231364939,2025-06-08T13:08:09.184826
LA,LA_141,3650454263231364939,2025-06-08T13:08:09.184833
LA,LA_142,3650454263231364939,2025-06-08T13:08:09.184840
LA,LA_143,3650454263231364939,2025-06-08T13:08:09.184847
LA,LA_144,3650454263231364939,2025-06-08T13:08:09.184853
LA,LA_145,3650454263231364939,2025-06-08T13:08:09.184860
LA,LA_146,3650454263231364939,2025-06-08T13:08:09.184867
LA,LA_147,3650454263231364939,2025-06-08T13:08:09.184874
AMI, AMI_01,,
AMI, AMI_02,,
AMI, AMI_03,,
AMI, AMI_04,,
AMI, AMI_05,,
AMI, AMI_06,,
AMI, AMI_07,,
AMI, AMI_08,,
AMI, AMI_09,,
AMI, AMI_10,,
AMI, AMI_11,,
AMI, AMI_12,,
AMI, AMI_13,,
AMI, AMI_14,,
AMI, AMI_15,,
AMI, AMI_16,,
PA, PA_1546,,
PA, PA_1547,,
PA, PA_1548,,
PA, PA_1549,,
PA, PA_1550,,
PA, PA_1551,,
PA, PA_1552,,
PA, PA_1553,,
LDN, LDN_163,,
LDN, LDN_164,,
LDN, LDN_165,,
LDN, LDN_166,,
LDN, LDN_167,,
LDN, LDN_168,,
LDN, LDN_169,,
LDN, LDN_170,,
LDN, LDN_171,,
LDN, LDN_172,,
LDN, LDN_173,,
LDN, LDN_174,,
LDN, LDN_175,,
LDN, LDN_176,,
LDN, LDN_177,,
LDN, LDN_178,,
LDN, LDN_179,,
LDN, LDN_180,,
LDN, LDN_181,,
LDN, LDN_182,,
LDN, LDN_183,,
LDN, LDN_184,,
LDN, LDN_185,,
LDN, LDN_186,,
LDN, LDN_187,,
LDN, LDN_188,,
LDN, LDN_189,,
LDN, LDN_190,,
LDN, LDN_191,,
LDN, LDN_192,,
LDN, LDN_193,,

LA,LA_148,3807172650448226276,2026-01-10T18:39:34.350267
LA,LA_149,3807172650448226276,2026-01-10T18:39:34.350298
LA,LA_150,3807172650448226276,2026-01-10T18:39:34.350308
LA,LA_151,3807172650448226276,2026-01-10T18:39:34.350317
LA,LA_152,3807172650448226276,2026-01-10T18:39:34.350325
LA,LA_153,3807172650448226276,2026-01-10T18:39:34.350333
LA,LA_154,3807172650448226276,2026-01-10T18:39:34.350341
LA,LA_155,3807172650448226276,2026-01-10T18:39:34.350348
LA,LA_156,3807172650448226276,2026-01-10T18:39:34.350355
LA,LA_157,3807172650448226276,2026-01-10T18:39:34.350362
LA,LA_158,3807172650448226276,2026-01-10T18:39:34.350370
LA,LA_159,3807172650448226276,2026-01-10T18:39:34.350378
LA,LA_160,3807172650448226276,2026-01-10T18:39:34.350386
LA,LA_161,3807172650448226276,2026-01-10T18:39:34.350392
LA,LA_162,3807172650448226276,2026-01-10T18:39:34.350400
LA,LA_163,3807172650448226276,2026-01-10T18:39:34.350408
LA,LA_164,3807172650448226276,2026-01-10T18:39:34.350416
LA,LA_165,3807172650448226276,2026-01-10T18:39:34.350423
LA,LA_166,3807172650448226276,2026-01-10T18:39:34.350432
LA,LA_167,3807172650448226276,2026-01-10T18:39:34.350441
LA,LA_168,3807172650448226276,2026-01-10T18:39:34.350449
